sku,category,file_name,product_name
MB-001,hero,A_digital_photograph_displays_a_black_short-sleeve.png,Black Money Brand Tee
MB-002,hero,A_digital_photograph_displays_a_gold_hooded_sweats.png,Gold Money Brand Hoodie
MB-003,hero,A_digital_photograph_displays_a_luxury_belt_with_U.png,Money Brand Belt
MB-004,hero,A_digital_photograph_displays_a_luxury_belt_with_a.png,Money Brand Belt
MB-005,hero,A_digital_photograph_displays_a_luxury_belt_with_c.png,Money Brand Belt
MB-006,hero,A_digital_photograph_features_a_belt_with_U.S._one.png,Money Brand Belt
MB-007,hero,A_digital_photograph_features_a_black_T-shirt_with.png,Black Money Brand Tee
MB-008,hero,A_digital_photograph_features_a_black_baseball_cap.png,Black Money Brand Cap
MB-009,hero,A_digital_photograph_features_a_black_crewneck_T-s.png,Black Money Brand Crewneck Tee
MB-010,hero,A_digital_photograph_features_a_black_hooded_sweat.png,Black Money Brand Hoodie
MB-011,hero,A_digital_photograph_features_a_black_short-sleeve.png,Black Money Brand Tee
MB-012,hero,A_digital_photograph_features_a_crewneck_sweatshir.png,Money Brand Crewneck Sweatshirt
MB-013,hero,A_digital_photograph_features_a_gold_hooded_sweats.png,Gold Money Brand Hoodie
MB-014,hero,A_digital_photograph_of_a_black_T-shirt_features_t.png,Black Money Brand Tee
MB-015,hero,A_digital_photograph_of_a_black_baseball_cap_showc.png,Black Money Brand Cap
MB-016,hero,A_digital_photograph_of_a_white_short-sleeved_crew.png,White Money Brand Tee
MB-017,hero,A_digital_photograph_showcases_a_black_T-shirt_cen.png,Black Money Brand Tee
MB-018,hero,A_digital_photograph_showcases_a_black_T-shirt_wit.png,Black Money Brand Tee
MB-019,hero,A_digital_photograph_showcases_a_silver_hoodie_wit.png,Silver Money Brand Hoodie
MB-020,hero,A_photograph_showcases_a_luxury_belt_with_US_one_h.png,Money Brand Belt
MB-021,store,A_digital_photograph_showcases_a_retail_store_inte.png,Money Brand Apparel
MB-022,store,A_high-resolution_digital_photograph_showcases_the.png,Money Brand Apparel
MB-023,store,A_photograph_captures_a_retail_store_interior_feat.png,Money Brand Cap
MB-024,logo,3ffad237-6afd-4dac-b63d-dbc0a824fcca.png,Money Brand Apparel
MB-025,misc,A_digital_photograph_displays_a_mustard_yellow_bas.png,Mustard Money Brand Apparel
MB-026,misc,A_digital_photograph_features_a_classic_white_T-sh.png,White Money Brand Apparel
MB-027,misc,A_digital_photograph_features_a_silver_metallic_ho.png,Silver Money Brand Apparel
MB-028,misc,A_digital_photograph_showcases_a_black_snapback_ca.png,Black Money Brand Cap
MB-029,misc,A_high-resolution_digital_photograph_features_a_go.png,Money Brand Apparel
MB-030,misc,"ChatGPT Image Nov 20, 2025, 06_37_25 PM.png",Money Brand Apparel
MB-031,misc,"ChatGPT Image Nov 20, 2025, 07_18_16 PM.png",Money Brand Apparel
MB-032,misc,"ChatGPT Image Nov 20, 2025, 07_28_36 PM.png",Money Brand Apparel
MB-033,misc,"ChatGPT Image Nov 20, 2025, 07_42_56 PM.png",Money Brand Apparel
MB-034,misc,"ChatGPT Image Nov 20, 2025, 07_43_26 PM.png",Money Brand Apparel
MB-035,misc,"ChatGPT Image Nov 20, 2025, 07_44_30 PM.png",Money Brand Apparel
MB-036,misc,"ChatGPT Image Nov 20, 2025, 12_10_09 PM.png",Money Brand Apparel
MB-037,misc,"ChatGPT Image Nov 21, 2025, 02_44_48 PM.png",Money Brand Apparel
